filename,zone
HVPS3CO5E0_chipid0.tiff,FLOOD PRONE EASTERN
Z1T9CN1NOH_chipid1.tiff,FLOOD PRONE EASTERN
SZK1VEGDKW_chipid2.tiff,FLOOD PRONE EASTERN
FPK60RDAKZ_chipid3.tiff,FLOOD PRONE EASTERN
AJ93UZ87LG_chipid4.tiff,FLOOD PRONE EASTERN
R87YWQVCNQ_chipid5.tiff,FLOOD PRONE EASTERN
UPPBZAYH5V_chipid6.tiff,FLOOD PRONE EASTERN
IZU204ORQK_chipid7.tiff,FLOOD PRONE EASTERN
F55ZDMLE1C_chipid8.tiff,FLOOD PRONE EASTERN
EWA5MLXBES_chipid9.tiff,FLOOD PRONE EASTERN
H4K7ZKCIGO_chipid10.tiff,FLOOD PRONE EASTERN
CFEEFO99H0_chipid11.tiff,FLOOD PRONE EASTERN
BITAZS33ZT_chipid12.tiff,FLOOD PRONE EASTERN
UGQNQZU5K2_chipid13.tiff,FLOOD PRONE EASTERN
ZTZUHIZEI1_chipid14.tiff,FLOOD PRONE EASTERN
T65X8S3OAI_chipid15.tiff,FLOOD PRONE EASTERN
MNU815PQH3_chipid16.tiff,FLOOD PRONE EASTERN
CZ7JBTNV08_chipid17.tiff,FLOOD PRONE EASTERN
MH0A8N6H7X_chipid18.tiff,FLOOD PRONE EASTERN
OX7B95RHK9_chipid19.tiff,FLOOD PRONE EASTERN
V5MRHBBG0P_chipid20.tiff,FLOOD PRONE EASTERN
Q90ND2ZS0S_chipid21.tiff,FLOOD PRONE EASTERN
Q4G0FBPTC1_chipid22.tiff,FLOOD PRONE EASTERN
9G6VF7I28S_chipid23.tiff,FLOOD PRONE EASTERN
60HD46RQBH_chipid24.tiff,FLOOD PRONE EASTERN
S7TF6SUZHN_chipid25.tiff,FLOOD PRONE EASTERN
OA6581B5WW_chipid26.tiff,FLOOD PRONE EASTERN
56JM4WF153_chipid27.tiff,FLOOD PRONE EASTERN
FWYQE74B4M_chipid28.tiff,FLOOD PRONE EASTERN
919I9UTS8C_chipid29.tiff,FLOOD PRONE EASTERN
BG8I5W3KE5_chipid30.tiff,FLOOD PRONE EASTERN
X3WRVVPM55_chipid31.tiff,FLOOD PRONE EASTERN
BNOU2L1GMS_chipid32.tiff,FLOOD PRONE EASTERN
PS3AY9GHQP_chipid33.tiff,FLOOD PRONE EASTERN
CXS252123L_chipid34.tiff,FLOOD PRONE EASTERN
VF2T5W6TQ8_chipid35.tiff,FLOOD PRONE EASTERN
OOJVM0K3BG_chipid36.tiff,FLOOD PRONE EASTERN
KSRTH9471R_chipid37.tiff,FLOOD PRONE EASTERN
ADVY77V62L_chipid38.tiff,FLOOD PRONE EASTERN
61OT95KYYP_chipid39.tiff,FLOOD PRONE EASTERN
H2F4RW2072_chipid40.tiff,FLOOD PRONE EASTERN
SVEJ87ELK5_chipid41.tiff,FLOOD PRONE EASTERN
5WU8VZCWM0_chipid42.tiff,FLOOD PRONE EASTERN
5RG0DZW1EU_chipid43.tiff,FLOOD PRONE EASTERN
5UOMJ97XSD_chipid44.tiff,FLOOD PRONE EASTERN
3MYFQSE8OZ_chipid45.tiff,FLOOD PRONE EASTERN
BTPMXF6XBR_chipid46.tiff,FLOOD PRONE EASTERN
OX15QW1Q76_chipid47.tiff,FLOOD PRONE EASTERN
GQ5RAM71DB_chipid48.tiff,FLOOD PRONE EASTERN
NGYVSNAN5E_chipid49.tiff,FLOOD PRONE EASTERN
75GW3QH8WU_chipid50.tiff,FLOOD PRONE EASTERN
5WTXXOLPBM_chipid51.tiff,FLOOD PRONE EASTERN
1V5E6YI5YB_chipid52.tiff,FLOOD PRONE EASTERN
CL4AHCGJRQ_chipid53.tiff,FLOOD PRONE EASTERN
56U4SILU23_chipid54.tiff,FLOOD PRONE EASTERN
AFV1FDKWUW_chipid55.tiff,FLOOD PRONE EASTERN
3GS2NSOGGU_chipid56.tiff,FLOOD PRONE EASTERN
2GQ0UFR7OI_chipid57.tiff,FLOOD PRONE EASTERN
IJG1LWNWBX_chipid58.tiff,FLOOD PRONE EASTERN
1LYXQA8ESY_chipid59.tiff,FLOOD PRONE EASTERN
1D1N2FXNTT_chipid60.tiff,FLOOD PRONE EASTERN
MC1WP6IASI_chipid61.tiff,FLOOD PRONE EASTERN
AMH1ZVTWO1_chipid62.tiff,FLOOD PRONE EASTERN
XUBKR8UIL8_chipid63.tiff,FLOOD PRONE EASTERN
ODIYWADRWV_chipid64.tiff,FLOOD PRONE EASTERN
KGN0H7KB8R_chipid65.tiff,FLOOD PRONE EASTERN
HQ5ZX78ORX_chipid66.tiff,FLOOD PRONE EASTERN
85QWO6XZBF_chipid67.tiff,FLOOD PRONE EASTERN
A5OSJJOLZF_chipid68.tiff,FLOOD PRONE EASTERN
CD89SHG4Y5_chipid69.tiff,FLOOD PRONE EASTERN
BRAZNG5SF5_chipid70.tiff,FLOOD PRONE EASTERN
S8TA6UQF0A_chipid71.tiff,FLOOD PRONE EASTERN
N28WG4J9ME_chipid72.tiff,FLOOD PRONE EASTERN
41L8UNWL8Z_chipid73.tiff,FLOOD PRONE EASTERN
VRX5V59QHV_chipid74.tiff,FLOOD PRONE EASTERN
SO1DU32NTI_chipid75.tiff,FLOOD PRONE EASTERN
Q6BN2CRO2J_chipid76.tiff,FLOOD PRONE EASTERN
LJ49ZRXDQI_chipid77.tiff,FLOOD PRONE EASTERN
XF1VTMLQJA_chipid78.tiff,FLOOD PRONE EASTERN
AHXD59HOYF_chipid79.tiff,FLOOD PRONE EASTERN
IBI9G22QHP_chipid80.tiff,FLOOD PRONE EASTERN
VY13ARWJZR_chipid81.tiff,FLOOD PRONE EASTERN
8LBM6EDLJY_chipid82.tiff,HYPERARID WESTERN
ZTOOH9W6S3_chipid83.tiff,HYPERARID WESTERN
Y6XJ1OPQW6_chipid84.tiff,HYPERARID WESTERN
PZ3UDJ2PHN_chipid85.tiff,HYPERARID WESTERN
AE4RWGSF63_chipid86.tiff,IRRIGATED NORTHERN
71GF1TOO48_chipid87.tiff,IRRIGATED NORTHERN
9IUDUX3E9C_chipid88.tiff,IRRIGATED NORTHERN
X1CDCFE0P7_chipid89.tiff,IRRIGATED NORTHERN
R7RPYG9YAF_chipid90.tiff,IRRIGATED NORTHERN
C6ZX01ZXK1_chipid91.tiff,IRRIGATED NORTHERN
R1PU1ZQ5EI_chipid92.tiff,IRRIGATED NORTHERN
4R2C8JC2WJ_chipid93.tiff,IRRIGATED NORTHERN
7PXBU0NLTQ_chipid94.tiff,IRRIGATED NORTHERN
IB3B8UQ484_chipid95.tiff,IRRIGATED NORTHERN
GD8EP7KRNA_chipid96.tiff,IRRIGATED NORTHERN
18G4OZ2UYG_chipid97.tiff,IRRIGATED NORTHERN
D2RTR3DSA6_chipid98.tiff,IRRIGATED NORTHERN
IK33PGM5OO_chipid99.tiff,IRRIGATED NORTHERN
MUWUAGMZ4E_chipid100.tiff,IRRIGATED NORTHERN
9UMTATWPN7_chipid101.tiff,IRRIGATED NORTHERN
9KPXUVLLSV_chipid102.tiff,IRRIGATED NORTHERN
56GZZHFEZF_chipid103.tiff,IRRIGATED NORTHERN
0SWPA05ZUE_chipid104.tiff,IRRIGATED NORTHERN
ODFOLWA028_chipid105.tiff,IRRIGATED NORTHERN
YZJOSPM3MI_chipid106.tiff,IRRIGATED NORTHERN
9AARNMURYM_chipid107.tiff,IRRIGATED NORTHERN
294VVZQG4R_chipid108.tiff,IRRIGATED NORTHERN
00XQSOEWDL_chipid109.tiff,IRRIGATED NORTHERN
R7MZNWYSJP_chipid110.tiff,IRRIGATED NORTHERN
IHWDAT48JL_chipid111.tiff,IRRIGATED NORTHERN
PZABPZJ7PJ_chipid112.tiff,IRRIGATED NORTHERN
492CBH7MSH_chipid113.tiff,IRRIGATED NORTHERN
YF09A9ZP4C_chipid114.tiff,IRRIGATED NORTHERN
QD48AJGASX_chipid115.tiff,IRRIGATED NORTHERN
1KAGV57OPC_chipid116.tiff,IRRIGATED NORTHERN
JVWLJD8NQD_chipid117.tiff,IRRIGATED NORTHERN
GWK21DD971_chipid118.tiff,IRRIGATED NORTHERN
44LO7MBH5H_chipid119.tiff,IRRIGATED NORTHERN
KEVL26JLUM_chipid120.tiff,IRRIGATED NORTHERN
V0GO3X99AD_chipid121.tiff,IRRIGATED NORTHERN
EKXOWW0OO3_chipid122.tiff,IRRIGATED NORTHERN
NMOBB0NX3Q_chipid123.tiff,IRRIGATED NORTHERN
4DVWYWP6R9_chipid124.tiff,IRRIGATED NORTHERN
KQY82NQSOY_chipid125.tiff,IRRIGATED NORTHERN
0YT54YTXWP_chipid126.tiff,IRRIGATED NORTHERN
BV5X72VXX4_chipid127.tiff,IRRIGATED NORTHERN
3ODM3RFZIO_chipid128.tiff,IRRIGATED NORTHERN
KLWL9LHJVD_chipid129.tiff,IRRIGATED NORTHERN
68F6I8HNX0_chipid130.tiff,IRRIGATED NORTHERN
TXERU0FJAX_chipid131.tiff,IRRIGATED NORTHERN
YEEBRRW0PX_chipid132.tiff,IRRIGATED NORTHERN
1MSWUQV516_chipid133.tiff,IRRIGATED NORTHERN
2GNUXIJG92_chipid134.tiff,IRRIGATED NORTHERN
MQ2YKY1AO5_chipid135.tiff,IRRIGATED NORTHERN
L8JPBL73UY_chipid136.tiff,IRRIGATED NORTHERN
EZRR3KRF79_chipid137.tiff,IRRIGATED NORTHERN
DR8F1SOEQ0_chipid138.tiff,IRRIGATED NORTHERN
M8LJSNT504_chipid139.tiff,IRRIGATED NORTHERN
N4C61DPU1A_chipid140.tiff,IRRIGATED NORTHERN
JUV796VS3A_chipid141.tiff,IRRIGATED NORTHERN
PPE5IGTKNL_chipid142.tiff,IRRIGATED NORTHERN
DCWL710IBX_chipid143.tiff,IRRIGATED NORTHERN
ZH2JE1CP7C_chipid144.tiff,IRRIGATED NORTHERN
ZBPGWZ5QLE_chipid145.tiff,IRRIGATED NORTHERN
6T9K70S9TJ_chipid146.tiff,IRRIGATED NORTHERN
2R4DNT9DIF_chipid147.tiff,IRRIGATED NORTHERN
K0K3IXD7B1_chipid148.tiff,IRRIGATED NORTHERN
K7O24A33BS_chipid149.tiff,IRRIGATED NORTHERN
12ENRFYDEY_chipid150.tiff,IRRIGATED NORTHERN
K86XQK0CPW_chipid151.tiff,IRRIGATED NORTHERN
9SDB1O4480_chipid152.tiff,IRRIGATED NORTHERN
DM4U3XB05S_chipid153.tiff,IRRIGATED NORTHERN
MFBEG545Z7_chipid154.tiff,IRRIGATED NORTHERN
YWZGV4CN4Y_chipid155.tiff,IRRIGATED NORTHERN
FUN0TW2RCU_chipid156.tiff,IRRIGATED NORTHERN
KLZTJOMSTN_chipid157.tiff,IRRIGATED NORTHERN
JDQRLZODF9_chipid158.tiff,IRRIGATED NORTHERN
7T8TN29KV5_chipid159.tiff,IRRIGATED NORTHERN
H24F1SYCHI_chipid160.tiff,IRRIGATED NORTHERN
BZ32Z2OFTS_chipid161.tiff,IRRIGATED NORTHERN
6781OITMKF_chipid162.tiff,IRRIGATED NORTHERN
W9AMTG7Q10_chipid163.tiff,IRRIGATED NORTHERN
I7NB4EFNMR_chipid164.tiff,IRRIGATED NORTHERN
WKXJL2YNHU_chipid165.tiff,IRRIGATED NORTHERN
UYV73CK1VV_chipid166.tiff,IRRIGATED NORTHERN
MT4PTREM2O_chipid167.tiff,IRRIGATED NORTHERN
ZNK6Z10YX3_chipid168.tiff,IRRIGATED NORTHERN
IRVOZBBXME_chipid169.tiff,IRRIGATED NORTHERN
OU6B02NUUU_chipid170.tiff,IRRIGATED NORTHERN
3MRMFVG6QC_chipid171.tiff,IRRIGATED NORTHERN
AKI0SF85XF_chipid172.tiff,IRRIGATED NORTHERN
F3C11FAGHP_chipid173.tiff,IRRIGATED NORTHERN
0E9KESBX5Z_chipid174.tiff,IRRIGATED NORTHERN
UIHCGNRVTN_chipid175.tiff,IRRIGATED NORTHERN
PYN1H17IVD_chipid176.tiff,IRRIGATED NORTHERN
CADYIFULFV_chipid177.tiff,IRRIGATED NORTHERN
4X1OY5ZF5G_chipid178.tiff,IRRIGATED NORTHERN
14WFEYJGIL_chipid179.tiff,IRRIGATED NORTHERN
T5R3MD4WI2_chipid180.tiff,IRRIGATED NORTHERN
2C9HP7TZV7_chipid181.tiff,IRRIGATED NORTHERN
TNZM0JBPH4_chipid182.tiff,IRRIGATED NORTHERN
OZOHI8UR29_chipid183.tiff,IRRIGATED NORTHERN
QAUKEYDF7F_chipid184.tiff,IRRIGATED NORTHERN
WDB1Y8141Z_chipid185.tiff,IRRIGATED NORTHERN
MSVZF3WECS_chipid186.tiff,IRRIGATED NORTHERN
FMO93PQ2I9_chipid187.tiff,IRRIGATED NORTHERN
2RZT24A5IC_chipid188.tiff,IRRIGATED NORTHERN
BR74CGGHIV_chipid189.tiff,IRRIGATED NORTHERN
0NDDXCEQNI_chipid190.tiff,IRRIGATED NORTHERN
FFFD5WKBC7_chipid191.tiff,IRRIGATED NORTHERN
BJM1C3G4FJ_chipid192.tiff,IRRIGATED NORTHERN
T6E54G73XX_chipid193.tiff,IRRIGATED NORTHERN
PVEY5JMQ3R_chipid194.tiff,IRRIGATED NORTHERN
3DSOUZ6I3F_chipid195.tiff,IRRIGATED NORTHERN
L9CL9GOT29_chipid196.tiff,IRRIGATED NORTHERN
8UG489U0RG_chipid197.tiff,IRRIGATED NORTHERN
1KQ54GLCZQ_chipid198.tiff,IRRIGATED NORTHERN
340NJW63L7_chipid199.tiff,IRRIGATED NORTHERN
0WKOJQKRVG_chipid200.tiff,IRRIGATED NORTHERN
4BKL382O2P_chipid201.tiff,IRRIGATED NORTHERN
7QNRXJSS0C_chipid202.tiff,IRRIGATED NORTHERN
JPSS0T039K_chipid203.tiff,IRRIGATED NORTHERN
PHI7DB7TVS_chipid204.tiff,IRRIGATED NORTHERN
RENAGZTLRO_chipid205.tiff,IRRIGATED NORTHERN
5IV6IO8PUD_chipid206.tiff,IRRIGATED NORTHERN
SMW8WM3481_chipid207.tiff,IRRIGATED NORTHERN
CU94IQYB1F_chipid208.tiff,IRRIGATED NORTHERN
Z0V9NHXT6B_chipid209.tiff,IRRIGATED NORTHERN
1UI9CCPYKH_chipid210.tiff,IRRIGATED NORTHERN
177FZQPS22_chipid211.tiff,IRRIGATED NORTHERN
27456VGTG2_chipid212.tiff,IRRIGATED NORTHERN
TFXZCY7TDP_chipid213.tiff,IRRIGATED NORTHERN
HV9SRVZQ8P_chipid214.tiff,IRRIGATED NORTHERN
26KZXJNTI8_chipid215.tiff,IRRIGATED NORTHERN
GWW92YU3VB_chipid216.tiff,IRRIGATED NORTHERN
FF2YHIYEJG_chipid217.tiff,IRRIGATED NORTHERN
EU6OZ519N5_chipid218.tiff,IRRIGATED NORTHERN
8VRW5BC993_chipid219.tiff,IRRIGATED NORTHERN
RE9KRR7AFP_chipid220.tiff,IRRIGATED NORTHERN
EJBOTEJAV1_chipid221.tiff,IRRIGATED NORTHERN
3HRFEZS69B_chipid222.tiff,IRRIGATED NORTHERN
PXYADOE9AU_chipid223.tiff,IRRIGATED NORTHERN
PHQGBX1GJN_chipid224.tiff,IRRIGATED NORTHERN
LZWT0I2QRO_chipid225.tiff,IRRIGATED NORTHERN
D9VEBLHGGC_chipid226.tiff,IRRIGATED NORTHERN
C95VV3Z5CL_chipid227.tiff,IRRIGATED NORTHERN
6OLBS9BFUS_chipid228.tiff,IRRIGATED NORTHERN
KH6XLOE68Q_chipid229.tiff,IRRIGATED NORTHERN
MG1XFL7IWI_chipid230.tiff,IRRIGATED NORTHERN
9XQJA1FW6Q_chipid231.tiff,IRRIGATED NORTHERN
6D6PJ6EVJ5_chipid232.tiff,IRRIGATED NORTHERN
E32WSR3Y5J_chipid233.tiff,IRRIGATED NORTHERN
VTRAKCD92J_chipid234.tiff,IRRIGATED NORTHERN
V5JN9IXYYO_chipid235.tiff,IRRIGATED NORTHERN
UG46K1POUV_chipid236.tiff,IRRIGATED NORTHERN
FNNDVOJXJQ_chipid237.tiff,IRRIGATED NORTHERN
2FO7Z2LZNO_chipid238.tiff,IRRIGATED NORTHERN
2PO25HAHXW_chipid239.tiff,IRRIGATED NORTHERN
6Y1NXOXQJU_chipid240.tiff,IRRIGATED NORTHERN
IAWMALWMQY_chipid241.tiff,IRRIGATED NORTHERN
J6VNEZO40J_chipid242.tiff,IRRIGATED NORTHERN
X3K5KX4J4B_chipid243.tiff,IRRIGATED NORTHERN
BLTOJMJRZC_chipid244.tiff,IRRIGATED NORTHERN
7RKVPQD1EX_chipid245.tiff,IRRIGATED NORTHERN
2V969C1SGT_chipid246.tiff,IRRIGATED NORTHERN
1BUSE0L1S2_chipid247.tiff,IRRIGATED NORTHERN
XI0IF3QRV7_chipid248.tiff,IRRIGATED NORTHERN
70UTHXIL9S_chipid249.tiff,IRRIGATED NORTHERN
F5P81SA4L2_chipid250.tiff,IRRIGATED NORTHERN
RM3NX40ML8_chipid251.tiff,IRRIGATED NORTHERN
JJVXCQNHA6_chipid252.tiff,IRRIGATED NORTHERN
J9OT724HGK_chipid253.tiff,IRRIGATED NORTHERN
3ZQKDUGTWR_chipid254.tiff,IRRIGATED NORTHERN
W9SC2ZU997_chipid255.tiff,IRRIGATED NORTHERN
SNBAUXMHQS_chipid256.tiff,IRRIGATED NORTHERN
SKVT3IDW2G_chipid257.tiff,IRRIGATED NORTHERN
4I3M6A3I3O_chipid258.tiff,IRRIGATED NORTHERN
Y6VY30QLUB_chipid259.tiff,IRRIGATED NORTHERN
3ISB4DIJIE_chipid260.tiff,IRRIGATED NORTHERN
681Z85746G_chipid261.tiff,IRRIGATED NORTHERN
5GS9R7IU1V_chipid262.tiff,IRRIGATED NORTHERN
GT9D0JIDHK_chipid263.tiff,IRRIGATED NORTHERN
PCVPWPAL2M_chipid264.tiff,IRRIGATED NORTHERN
2NE3BMJ7D4_chipid265.tiff,IRRIGATED NORTHERN
R35AQOFF2H_chipid266.tiff,IRRIGATED NORTHERN
JIJAFFUQPS_chipid267.tiff,IRRIGATED NORTHERN
NMFLUSD0IT_chipid268.tiff,IRRIGATED NORTHERN
G4ITZ6LAHC_chipid269.tiff,IRRIGATED NORTHERN
IOC8TOH9V9_chipid270.tiff,IRRIGATED NORTHERN
79M9KI5I3J_chipid271.tiff,IRRIGATED NORTHERN
9FU9ZET9AO_chipid272.tiff,IRRIGATED NORTHERN
64QXG2PC3R_chipid273.tiff,IRRIGATED NORTHERN
13ZTQQ2VFG_chipid274.tiff,IRRIGATED NORTHERN
AN93UU8J0B_chipid275.tiff,IRRIGATED NORTHERN
7ZZVQZH7EG_chipid276.tiff,IRRIGATED NORTHERN
DPJTYSANS1_chipid277.tiff,IRRIGATED NORTHERN
U45LQ0BGOO_chipid278.tiff,IRRIGATED NORTHERN
RHHC75G5NH_chipid279.tiff,IRRIGATED NORTHERN
S0TR2528ZK_chipid280.tiff,IRRIGATED NORTHERN
V5QVWKJR4R_chipid281.tiff,IRRIGATED NORTHERN
BE9FTX6L4E_chipid282.tiff,IRRIGATED NORTHERN
1E3SLSA80N_chipid283.tiff,IRRIGATED NORTHERN
6VS77ZO0KN_chipid284.tiff,IRRIGATED NORTHERN
73CCFO5JZU_chipid285.tiff,IRRIGATED NORTHERN
DZSRBCCQDV_chipid286.tiff,IRRIGATED NORTHERN
B4DHE47OXQ_chipid287.tiff,IRRIGATED NORTHERN
0NPXDQBYQU_chipid288.tiff,IRRIGATED NORTHERN
6BQV9G0TCI_chipid289.tiff,IRRIGATED NORTHERN
EKNWQCG8BR_chipid290.tiff,IRRIGATED NORTHERN
Y97VGTIMZW_chipid291.tiff,IRRIGATED NORTHERN
FXP2IVGOWR_chipid292.tiff,IRRIGATED NORTHERN
4X3WPUOLMC_chipid293.tiff,IRRIGATED NORTHERN
90IMT5M5DL_chipid294.tiff,IRRIGATED NORTHERN
Y2P7OV10WL_chipid295.tiff,IRRIGATED NORTHERN
MT3RZ7LY7H_chipid296.tiff,IRRIGATED NORTHERN
AR8MYN91BO_chipid297.tiff,IRRIGATED NORTHERN
FOBAIWGSGM_chipid298.tiff,IRRIGATED NORTHERN
A94V6GE8VG_chipid299.tiff,IRRIGATED NORTHERN
F06ZVPVEJ5_chipid300.tiff,IRRIGATED NORTHERN
9MJY8YV6UL_chipid301.tiff,IRRIGATED NORTHERN
CGRJ3PQ7YG_chipid302.tiff,IRRIGATED NORTHERN
HJDAGL5NOL_chipid303.tiff,IRRIGATED NORTHERN
ZCG7J1BVK2_chipid304.tiff,IRRIGATED NORTHERN
WN0UR6V70T_chipid305.tiff,IRRIGATED NORTHERN
77ZRN79OHF_chipid306.tiff,IRRIGATED NORTHERN
JFC5T00H1L_chipid307.tiff,IRRIGATED NORTHERN
DU7A9KHVWR_chipid308.tiff,IRRIGATED NORTHERN
RI98A0U1OZ_chipid309.tiff,IRRIGATED NORTHERN
T98WOBVF6X_chipid310.tiff,IRRIGATED NORTHERN
5DUW7XJCW8_chipid311.tiff,IRRIGATED NORTHERN
MT3YT04EXZ_chipid312.tiff,IRRIGATED NORTHERN
MFZUO1JLCE_chipid313.tiff,IRRIGATED NORTHERN
PY3BEJWLAW_chipid314.tiff,IRRIGATED NORTHERN
CP1QMM465H_chipid315.tiff,IRRIGATED NORTHERN
EIS0JVC899_chipid316.tiff,IRRIGATED NORTHERN
SS5N4MWGQR_chipid317.tiff,IRRIGATED NORTHERN
NI77M1Z3E4_chipid318.tiff,IRRIGATED NORTHERN
2JR78HRB0D_chipid319.tiff,IRRIGATED NORTHERN
PWJVMHHMQE_chipid320.tiff,IRRIGATED NORTHERN
P8WRJ8NWL2_chipid321.tiff,IRRIGATED NORTHERN
3AZT65FYU4_chipid322.tiff,IRRIGATED NORTHERN
J9YW1A6K1H_chipid323.tiff,IRRIGATED NORTHERN
BRS1HQJZ43_chipid324.tiff,IRRIGATED NORTHERN
KLFZGE4YJ8_chipid325.tiff,IRRIGATED NORTHERN
BAZCFGBHNL_chipid326.tiff,IRRIGATED NORTHERN
0ODYTYTYOD_chipid327.tiff,IRRIGATED NORTHERN
UJD7H5TBVT_chipid328.tiff,IRRIGATED NORTHERN
AMN4NB8W8F_chipid329.tiff,IRRIGATED NORTHERN
2XHQHPBY1H_chipid330.tiff,IRRIGATED NORTHERN
YYZAIG2J7W_chipid331.tiff,IRRIGATED NORTHERN
HR8ANGTF7G_chipid332.tiff,IRRIGATED NORTHERN
9ISHMLWYBG_chipid333.tiff,IRRIGATED NORTHERN
ZAVLYHNZHX_chipid334.tiff,IRRIGATED NORTHERN
X3Q3YTCIHB_chipid335.tiff,IRRIGATED NORTHERN
O5SEM9V7MK_chipid336.tiff,IRRIGATED NORTHERN
5BUY2DF0RP_chipid337.tiff,HYPERARID WESTERN
JL1P80W6E2_chipid338.tiff,HYPERARID WESTERN
XXURFOGRYG_chipid339.tiff,HYPERARID WESTERN
CFHN9RL652_chipid340.tiff,IRRIGATED NORTHERN
CAHCW8ANQT_chipid341.tiff,IRRIGATED NORTHERN
1UBW7I7BGD_chipid342.tiff,IRRIGATED NORTHERN
AHB7JGLS09_chipid343.tiff,IRRIGATED NORTHERN
74ENB9OLSI_chipid344.tiff,IRRIGATED NORTHERN
N8U2CO9CMB_chipid345.tiff,IRRIGATED NORTHERN
S4R1LPS628_chipid346.tiff,IRRIGATED NORTHERN
WTJB54ZLEX_chipid347.tiff,IRRIGATED NORTHERN
IDUEK42ORP_chipid348.tiff,IRRIGATED NORTHERN
HWVZ4QFVZP_chipid349.tiff,IRRIGATED NORTHERN
9962K7VZM9_chipid350.tiff,IRRIGATED NORTHERN
3H29Y6QJ2G_chipid351.tiff,IRRIGATED NORTHERN
RM0VO40DAX_chipid352.tiff,IRRIGATED NORTHERN
CMV12SJHNY_chipid353.tiff,IRRIGATED NORTHERN
L3CNKR3J7U_chipid354.tiff,IRRIGATED NORTHERN
GEMPC90O4N_chipid355.tiff,IRRIGATED NORTHERN
X9BBWTXV62_chipid356.tiff,IRRIGATED NORTHERN
MLQCTYANOZ_chipid357.tiff,IRRIGATED NORTHERN
Y5Z7JXQ4H1_chipid358.tiff,IRRIGATED NORTHERN
30XUD2HW9V_chipid359.tiff,IRRIGATED NORTHERN
8O0W2O47K3_chipid360.tiff,IRRIGATED NORTHERN
E1TUZNLXIG_chipid361.tiff,IRRIGATED NORTHERN
I49U47ZHGS_chipid362.tiff,IRRIGATED NORTHERN
XLKDXAAQ9Z_chipid363.tiff,IRRIGATED NORTHERN
KRN65LQM6G_chipid364.tiff,IRRIGATED NORTHERN
49C2SOF91F_chipid365.tiff,IRRIGATED NORTHERN
2MC785Z3GC_chipid366.tiff,IRRIGATED NORTHERN
XWN50BZI8I_chipid367.tiff,IRRIGATED NORTHERN
ID0TSY8IH2_chipid368.tiff,IRRIGATED NORTHERN
OG958CCFF6_chipid369.tiff,HYPERARID WESTERN
ZDUJIW5ML4_chipid370.tiff,HYPERARID WESTERN
JBRZOU2XQQ_chipid371.tiff,HYPERARID WESTERN
1I80ID6MH9_chipid372.tiff,HUMID SOUTHEASTERN
0Z4U4OORRV_chipid373.tiff,HUMID SOUTHEASTERN
WMPHYSNE3K_chipid374.tiff,HUMID SOUTHEASTERN
8CV90ZC6S8_chipid375.tiff,HUMID SOUTHEASTERN
90YJUHJR8K_chipid376.tiff,HUMID SOUTHEASTERN
4YYY0QNM3J_chipid377.tiff,HUMID SOUTHEASTERN
KZNXT46YML_chipid378.tiff,HUMID SOUTHEASTERN
HYHLM4L8CI_chipid379.tiff,HUMID SOUTHEASTERN
BVHEKFML21_chipid380.tiff,HUMID SOUTHEASTERN
C8OPT8WD5G_chipid381.tiff,HUMID SOUTHEASTERN
VS1DTYYA8U_chipid382.tiff,HUMID SOUTHEASTERN
OPWXZXDCBL_chipid383.tiff,HUMID SOUTHEASTERN
DFCMO2686T_chipid384.tiff,HUMID SOUTHEASTERN
M8OK89JYJF_chipid385.tiff,HUMID SOUTHEASTERN
C9FZJBHSHO_chipid386.tiff,HUMID SOUTHEASTERN
NQ7KFSDICA_chipid387.tiff,HUMID SOUTHEASTERN
4W6G3Y7SCO_chipid388.tiff,HUMID SOUTHEASTERN
WX0GVZCOMU_chipid389.tiff,HUMID SOUTHEASTERN
D08R5286WN_chipid390.tiff,HUMID SOUTHEASTERN
6I92Z614MO_chipid391.tiff,HUMID SOUTHEASTERN
421WLUR8ZZ_chipid392.tiff,HUMID SOUTHEASTERN
SB2LINYYG8_chipid393.tiff,HUMID SOUTHEASTERN
0C827XPTCB_chipid394.tiff,HUMID SOUTHEASTERN
WBDJOB3B9M_chipid395.tiff,HUMID SOUTHEASTERN
X6D7JAVJO9_chipid396.tiff,HUMID SOUTHEASTERN
HV8WXWQ884_chipid397.tiff,HUMID SOUTHEASTERN
SQW9WVYM90_chipid398.tiff,HUMID SOUTHEASTERN
UPXFGKMKU4_chipid399.tiff,HUMID SOUTHEASTERN
U3LIAVNBSK_chipid400.tiff,HUMID SOUTHEASTERN
QYLHVIXQ6J_chipid401.tiff,HUMID SOUTHEASTERN
HOARCV0XTN_chipid402.tiff,HUMID SOUTHEASTERN
RTD0HI22DP_chipid403.tiff,HUMID SOUTHEASTERN
HXFHCL9BRE_chipid404.tiff,HUMID SOUTHEASTERN
FV5DKPBPOM_chipid405.tiff,HUMID SOUTHEASTERN
QK2WJ5YBJV_chipid406.tiff,HUMID SOUTHEASTERN
QU6P4X1KOY_chipid407.tiff,HUMID SOUTHEASTERN
VB7XTSH97Z_chipid408.tiff,HUMID SOUTHEASTERN
XP3CU1VGEY_chipid409.tiff,HUMID SOUTHEASTERN
DVNFUEGTT5_chipid410.tiff,HUMID SOUTHEASTERN
KOZTPZIF3V_chipid411.tiff,HUMID SOUTHEASTERN
SZ6NHKS0YF_chipid412.tiff,HUMID SOUTHEASTERN
7BZ448N49X_chipid413.tiff,HUMID SOUTHEASTERN
P7AILGQ5FE_chipid414.tiff,HUMID SOUTHEASTERN
IBC0XVJM2W_chipid415.tiff,HUMID SOUTHEASTERN
JKOH81MCXI_chipid416.tiff,HUMID SOUTHEASTERN
F2SJXVC0MK_chipid417.tiff,HUMID SOUTHEASTERN
LBY1TZDYWI_chipid418.tiff,HUMID SOUTHEASTERN
NCZPR97CTN_chipid419.tiff,HUMID SOUTHEASTERN
CYFBR3V6JK_chipid420.tiff,HUMID SOUTHEASTERN
99378UYDYC_chipid421.tiff,HUMID SOUTHEASTERN
JKA11DQO22_chipid422.tiff,HUMID SOUTHEASTERN
TB7NM0UN1H_chipid423.tiff,HUMID SOUTHEASTERN
G3CDUELPVM_chipid424.tiff,HUMID SOUTHEASTERN
UPHR23W069_chipid425.tiff,HUMID SOUTHEASTERN
FUEJBKA765_chipid426.tiff,HUMID SOUTHEASTERN
S35PHJ8IMM_chipid427.tiff,HUMID SOUTHEASTERN
TN9M73TQOU_chipid428.tiff,HUMID SOUTHEASTERN
PD0786NI1M_chipid429.tiff,HUMID SOUTHEASTERN
IKBWJPXO9W_chipid430.tiff,HUMID SOUTHEASTERN
MVTZEZ824G_chipid431.tiff,HUMID SOUTHEASTERN
DWCXCT36UU_chipid432.tiff,HUMID SOUTHEASTERN
TG2IILCJ03_chipid433.tiff,HUMID SOUTHEASTERN
S1EJJ278PI_chipid434.tiff,HUMID SOUTHEASTERN
S0L50249BJ_chipid435.tiff,HUMID SOUTHEASTERN
YRBVRZZLRI_chipid436.tiff,HUMID SOUTHEASTERN
VSVAUA10N9_chipid437.tiff,HUMID SOUTHEASTERN
SVZR3SY2KF_chipid438.tiff,HUMID SOUTHEASTERN
WPG7DEB8MY_chipid439.tiff,HUMID SOUTHEASTERN
3ILJEQRZLU_chipid440.tiff,HUMID SOUTHEASTERN
RAM222DC4Z_chipid441.tiff,HUMID SOUTHEASTERN
REKEUXW0R9_chipid442.tiff,HUMID SOUTHEASTERN
HR1OT400VK_chipid443.tiff,HUMID SOUTHEASTERN
UOOLWQT349_chipid444.tiff,HUMID SOUTHEASTERN
N3SDX782QP_chipid445.tiff,HUMID SOUTHEASTERN
8G751N8LFE_chipid446.tiff,HUMID SOUTHEASTERN
C2W6ZZJYTX_chipid447.tiff,HUMID SOUTHEASTERN
O7YOGSN5I5_chipid448.tiff,HUMID SOUTHEASTERN
CKEFZ2TMDP_chipid449.tiff,HUMID SOUTHEASTERN
5TLRFGYU3U_chipid450.tiff,HUMID SOUTHEASTERN
SA6LJVEUJS_chipid451.tiff,HUMID SOUTHEASTERN
1MMXJNLOLV_chipid452.tiff,HUMID SOUTHEASTERN
MUQADVS9D8_chipid453.tiff,HUMID SOUTHEASTERN
JGW0AHRNQT_chipid454.tiff,HUMID SOUTHEASTERN
50MAUYR4GF_chipid455.tiff,HUMID SOUTHEASTERN
G2RIO801BY_chipid456.tiff,HUMID SOUTHEASTERN
ETXQ17OWE6_chipid457.tiff,HUMID SOUTHEASTERN
54F4UK69FD_chipid458.tiff,HUMID SOUTHEASTERN
9GLZH8LBH9_chipid459.tiff,HUMID SOUTHEASTERN
7AD0CV1QO5_chipid460.tiff,HUMID SOUTHEASTERN
EYRKAACD9A_chipid461.tiff,HUMID SOUTHEASTERN
PR5W10RFQV_chipid462.tiff,HUMID SOUTHEASTERN
UJ3MGEG775_chipid463.tiff,HUMID SOUTHEASTERN
QCRRA39R91_chipid464.tiff,HUMID SOUTHEASTERN
V9N4J27HJR_chipid465.tiff,HUMID SOUTHEASTERN
5R030ZQSS2_chipid466.tiff,HUMID SOUTHEASTERN
7KUFHKFEFA_chipid467.tiff,HUMID SOUTHEASTERN
V0NODPJGUP_chipid468.tiff,HUMID SOUTHEASTERN
JS57ZMWHD0_chipid469.tiff,HUMID SOUTHEASTERN
FJ1O2AUYEU_chipid470.tiff,HUMID SOUTHEASTERN
SFPMKYGICR_chipid471.tiff,HUMID SOUTHEASTERN
4O9MU5VR9B_chipid472.tiff,HUMID SOUTHEASTERN
PB0BCK0GB1_chipid473.tiff,HUMID SOUTHEASTERN
I0D4N4XYQZ_chipid474.tiff,HUMID SOUTHEASTERN
AIP81FZ2CM_chipid475.tiff,HUMID SOUTHEASTERN
U7MLMETS03_chipid476.tiff,HUMID SOUTHEASTERN
ARLLUAPF61_chipid477.tiff,HUMID SOUTHEASTERN
JQSMDJGRCJ_chipid478.tiff,HUMID SOUTHEASTERN
FMTI8DWR70_chipid479.tiff,HUMID SOUTHEASTERN
2TAEYVZPI6_chipid480.tiff,HUMID SOUTHEASTERN
KAK7OQF5IA_chipid481.tiff,HUMID SOUTHEASTERN
SMLYUOBQ3A_chipid482.tiff,HUMID SOUTHEASTERN
NK62V8EP60_chipid483.tiff,HUMID SOUTHEASTERN
THF156I71V_chipid484.tiff,HUMID SOUTHEASTERN
30M97BU0J9_chipid485.tiff,HUMID SOUTHEASTERN
KFS7YVUZM5_chipid486.tiff,HUMID SOUTHEASTERN
8C2AK5UFEV_chipid487.tiff,HUMID SOUTHEASTERN
LCKAD4GAGR_chipid488.tiff,HUMID SOUTHEASTERN
723QMOBBTL_chipid489.tiff,HUMID SOUTHEASTERN
3CVBS5RFPT_chipid490.tiff,HUMID SOUTHEASTERN
WA2K5ZI06Y_chipid491.tiff,HUMID SOUTHEASTERN
1M62H3EQB3_chipid492.tiff,HUMID SOUTHEASTERN
DD0OW1RBTI_chipid493.tiff,HUMID SOUTHEASTERN
2ZRR3FTE60_chipid494.tiff,HUMID SOUTHEASTERN
RJG55EQT5R_chipid495.tiff,HUMID SOUTHEASTERN
QCSOLNTEFX_chipid496.tiff,HUMID SOUTHEASTERN
X3L5J1CORC_chipid497.tiff,HUMID SOUTHEASTERN
83YPMKIXE1_chipid498.tiff,HUMID SOUTHEASTERN
6DEX0T8RAP_chipid499.tiff,HUMID SOUTHEASTERN
8OGT33SGZG_chipid500.tiff,HUMID SOUTHEASTERN
5TYE5ATX05_chipid501.tiff,HUMID SOUTHEASTERN
9TD5NOQ3B5_chipid502.tiff,HUMID SOUTHEASTERN
QRKDK0LBCP_chipid503.tiff,HUMID SOUTHEASTERN
V5ZAA6PINB_chipid504.tiff,HUMID SOUTHEASTERN
CBBSEDBMFL_chipid505.tiff,HUMID SOUTHEASTERN
TTYTZS857H_chipid506.tiff,HUMID SOUTHEASTERN
NJWOS9C4U5_chipid507.tiff,HUMID SOUTHEASTERN
H0FDIGBSO5_chipid508.tiff,HUMID SOUTHEASTERN
6RVSHOGQDW_chipid509.tiff,HUMID SOUTHEASTERN
32NAS19U5Y_chipid510.tiff,HUMID SOUTHEASTERN
G5RKH4GNI2_chipid511.tiff,HUMID SOUTHEASTERN
W3BK06X26O_chipid512.tiff,HUMID SOUTHEASTERN
FVP6TOBQQZ_chipid513.tiff,HUMID SOUTHEASTERN
I4QSYIU7BN_chipid514.tiff,HUMID SOUTHEASTERN
GM4408IBII_chipid515.tiff,HUMID SOUTHEASTERN
2YXMXWFKOW_chipid516.tiff,HUMID SOUTHEASTERN
LR95EETKTO_chipid517.tiff,HUMID SOUTHEASTERN
KN50HIAZFZ_chipid518.tiff,HUMID SOUTHEASTERN
VKRBVK39QY_chipid519.tiff,HUMID SOUTHEASTERN
EEPP6RZNGI_chipid520.tiff,HUMID SOUTHEASTERN
XCZDO8W2HB_chipid521.tiff,HUMID SOUTHEASTERN
XXKKUT4HFO_chipid522.tiff,HUMID SOUTHEASTERN
K5MZG84O9B_chipid523.tiff,HUMID SOUTHEASTERN
TWZKVNE5VY_chipid524.tiff,HUMID SOUTHEASTERN
IHK5BZZPYC_chipid525.tiff,HUMID SOUTHEASTERN
JJ832RX8VI_chipid526.tiff,HUMID SOUTHEASTERN
1OZU02CF3U_chipid527.tiff,HUMID SOUTHEASTERN
DB6ADBB3Q4_chipid528.tiff,HUMID SOUTHEASTERN
A6M7KG2UBL_chipid529.tiff,HUMID SOUTHEASTERN
PA0OYUWB3F_chipid530.tiff,HUMID SOUTHEASTERN
YVHDQ5XZG3_chipid531.tiff,HUMID SOUTHEASTERN
ZANHPULEXQ_chipid532.tiff,HUMID SOUTHEASTERN
H73IZX3G5P_chipid533.tiff,HUMID SOUTHEASTERN
VQC4NBTVF6_chipid534.tiff,HUMID SOUTHEASTERN
06U4D94ZI3_chipid535.tiff,HUMID SOUTHEASTERN
J2RXOIBI0G_chipid536.tiff,HUMID SOUTHEASTERN
5YG5RAI368_chipid537.tiff,HUMID SOUTHEASTERN
TP3ZVGNOPE_chipid538.tiff,HUMID SOUTHEASTERN
BX0AKNGALA_chipid539.tiff,HUMID SOUTHEASTERN
BJES9FW4A8_chipid540.tiff,HUMID SOUTHEASTERN
IPDOO74PFI_chipid541.tiff,HUMID SOUTHEASTERN
U629JCXKD5_chipid542.tiff,HUMID SOUTHEASTERN
UYW0UGW1CR_chipid543.tiff,HUMID SOUTHEASTERN
N5H3Y8J80Y_chipid544.tiff,HUMID SOUTHEASTERN
PG9HSVCF4E_chipid545.tiff,HUMID SOUTHEASTERN
3U2CX1DV76_chipid546.tiff,HUMID SOUTHEASTERN
27IVNPBAOK_chipid547.tiff,HUMID SOUTHEASTERN
Q6SW8845EW_chipid548.tiff,HUMID SOUTHEASTERN
9HOHWTBV4R_chipid549.tiff,HUMID SOUTHEASTERN
2SGEU57HXP_chipid550.tiff,HUMID SOUTHEASTERN
2CO62GIW7V_chipid551.tiff,HUMID SOUTHEASTERN
GQK36343MR_chipid552.tiff,HUMID SOUTHEASTERN
KZ7O64BW8Z_chipid553.tiff,HUMID SOUTHEASTERN
IZF3A333JL_chipid554.tiff,HUMID SOUTHEASTERN
FDVCI1TYNU_chipid555.tiff,HUMID SOUTHEASTERN
KDZBUP2SVK_chipid556.tiff,HUMID SOUTHEASTERN
QEUE7XFF3Y_chipid557.tiff,HUMID SOUTHEASTERN
WK932V8J4T_chipid558.tiff,HUMID SOUTHEASTERN
H5MKLV7OVB_chipid559.tiff,HUMID SOUTHEASTERN
VDUYOJCRIS_chipid560.tiff,HUMID SOUTHEASTERN
PKLUCFN02Z_chipid561.tiff,HUMID SOUTHEASTERN
CBSJOYVCS4_chipid562.tiff,HUMID SOUTHEASTERN
EA4I5Y83GI_chipid563.tiff,HUMID SOUTHEASTERN
LE5OLZ1QBD_chipid564.tiff,HUMID SOUTHEASTERN
7TMSKEAA7L_chipid565.tiff,HUMID SOUTHEASTERN
NCRGLCA8R0_chipid566.tiff,HUMID SOUTHEASTERN
9TGAM3KMLD_chipid567.tiff,HUMID SOUTHEASTERN
2LOVP84FD9_chipid568.tiff,HUMID SOUTHEASTERN
CGKZM8RVBQ_chipid569.tiff,HUMID SOUTHEASTERN
O1XNK6DPMX_chipid570.tiff,HUMID SOUTHEASTERN
9RCLKSODMM_chipid571.tiff,HUMID SOUTHEASTERN
KH50SL5S7Y_chipid572.tiff,HUMID SOUTHEASTERN
CIPLZOFEH3_chipid573.tiff,HUMID SOUTHEASTERN
BH3LP5JTCQ_chipid574.tiff,HUMID SOUTHEASTERN
OJ4B0X5MPG_chipid575.tiff,HUMID SOUTHEASTERN
AMP5547UKW_chipid576.tiff,HUMID SOUTHEASTERN
JJBXQ65VU8_chipid577.tiff,HUMID SOUTHEASTERN
BOS5796A1B_chipid578.tiff,HUMID SOUTHEASTERN
UGE6N52DUJ_chipid579.tiff,HUMID SOUTHEASTERN
VAGGUSMIJI_chipid580.tiff,HUMID SOUTHEASTERN
LJ22RMYG10_chipid581.tiff,HUMID SOUTHEASTERN
TXAMR9DHR9_chipid582.tiff,HUMID SOUTHEASTERN
7CZOJY17CY_chipid583.tiff,HUMID SOUTHEASTERN
FY3SK23PXY_chipid584.tiff,HUMID SOUTHEASTERN
02HMR4UMMG_chipid585.tiff,HUMID SOUTHEASTERN
TJWD9P198Y_chipid586.tiff,HUMID SOUTHEASTERN
38984FJ3UX_chipid587.tiff,HUMID SOUTHEASTERN
Y97O0QI8MG_chipid588.tiff,HUMID SOUTHEASTERN
HJE3QHY8KV_chipid589.tiff,HUMID SOUTHEASTERN
Y98DPKWYKH_chipid590.tiff,HUMID SOUTHEASTERN
Y0341BMAE0_chipid591.tiff,HUMID SOUTHEASTERN
FPQ7PVD3UP_chipid592.tiff,HUMID SOUTHEASTERN
AJ2G227401_chipid593.tiff,HUMID SOUTHEASTERN
7VB0B50YIR_chipid594.tiff,HUMID SOUTHEASTERN
7307KNQVTQ_chipid595.tiff,HUMID SOUTHEASTERN
FYF80JL2GP_chipid596.tiff,HUMID SOUTHEASTERN
YYUBGP17D8_chipid597.tiff,HUMID SOUTHEASTERN
4ELDPQ4T9X_chipid598.tiff,HUMID SOUTHEASTERN
6YM6HGUGXL_chipid599.tiff,HUMID SOUTHEASTERN
45E4E9HZ8E_chipid600.tiff,HUMID SOUTHEASTERN
96C08Z1B3S_chipid601.tiff,HUMID SOUTHEASTERN
5FQWVZN652_chipid602.tiff,HUMID SOUTHEASTERN
18G2ZFPAAM_chipid603.tiff,HUMID SOUTHEASTERN
GRPKSUDYQK_chipid604.tiff,HUMID SOUTHEASTERN
IBU6VPTWOV_chipid605.tiff,HUMID SOUTHEASTERN
I1EBNITIBA_chipid606.tiff,HUMID SOUTHEASTERN
9CJWOOPRMS_chipid607.tiff,HUMID SOUTHEASTERN
5RW2TMNIDR_chipid608.tiff,HUMID SOUTHEASTERN
6P2A25HW00_chipid609.tiff,HUMID SOUTHEASTERN
087DTBH4QR_chipid610.tiff,HUMID SOUTHEASTERN
OUTARHLZZ8_chipid611.tiff,HUMID SOUTHEASTERN
8OG1G8ZBPL_chipid612.tiff,HUMID SOUTHEASTERN
JYA1D4U805_chipid613.tiff,HUMID SOUTHEASTERN
1VLEQV0D0B_chipid614.tiff,HUMID SOUTHEASTERN
V7FEBYOSP4_chipid615.tiff,HUMID SOUTHEASTERN
ND7V2DG3R1_chipid616.tiff,HUMID SOUTHEASTERN
37ZZ5QP7B7_chipid617.tiff,HUMID SOUTHEASTERN
MDNUTIP0HQ_chipid618.tiff,HUMID SOUTHEASTERN
FMQRDZEHVB_chipid619.tiff,HUMID SOUTHEASTERN
D4Y7Z98CBD_chipid620.tiff,HUMID SOUTHEASTERN
VYR4LMU2HL_chipid621.tiff,HUMID SOUTHEASTERN
LP5BQXQRZL_chipid622.tiff,HUMID SOUTHEASTERN
L9C4XE5RTQ_chipid623.tiff,HUMID SOUTHEASTERN
3D0NNRBH4L_chipid624.tiff,HUMID SOUTHEASTERN
U7TM8VOBF9_chipid625.tiff,HUMID SOUTHEASTERN
JERZPMCJ21_chipid626.tiff,HUMID SOUTHEASTERN
CG61K8Y6FB_chipid627.tiff,HUMID SOUTHEASTERN
XKLUVWWZPF_chipid628.tiff,HUMID SOUTHEASTERN
X62AOPX1KW_chipid629.tiff,HUMID SOUTHEASTERN
PBFDWBHDZP_chipid630.tiff,HUMID SOUTHEASTERN
0G5LL4HRAT_chipid631.tiff,HUMID SOUTHEASTERN
88GWBBQHGK_chipid632.tiff,HUMID SOUTHEASTERN
87XL1LIX8J_chipid633.tiff,HUMID SOUTHEASTERN
4HCMMS0QPB_chipid634.tiff,HUMID SOUTHEASTERN
IDXKEXRX2O_chipid635.tiff,HUMID SOUTHEASTERN
R3KCVEEF1Y_chipid636.tiff,HUMID SOUTHEASTERN
EENFJWG3Z1_chipid637.tiff,HUMID SOUTHEASTERN
KON0Z5EGFA_chipid638.tiff,HUMID SOUTHEASTERN
BDR66F2SUJ_chipid639.tiff,HUMID SOUTHEASTERN
87WN4D9PN4_chipid640.tiff,HUMID SOUTHEASTERN
T70XVYMP4I_chipid641.tiff,HUMID SOUTHEASTERN
UL3JUZFKLL_chipid642.tiff,HUMID SOUTHEASTERN
VYAQ80T7HP_chipid643.tiff,HUMID SOUTHEASTERN
XOK7UHQQQ4_chipid644.tiff,HUMID SOUTHEASTERN
RR2EUC48AO_chipid645.tiff,HUMID SOUTHEASTERN
FEQQLP8M4Q_chipid646.tiff,HUMID SOUTHEASTERN
WJB09DAYO5_chipid647.tiff,HUMID SOUTHEASTERN
W0EAX6UM9Z_chipid648.tiff,HUMID SOUTHEASTERN
OMWZK5A6DZ_chipid649.tiff,HUMID SOUTHEASTERN
FFN6RDS27X_chipid650.tiff,HUMID SOUTHEASTERN
66I4SWIQZC_chipid651.tiff,HUMID SOUTHEASTERN
1U059HXC3V_chipid652.tiff,HUMID SOUTHEASTERN
735WSPKCOV_chipid653.tiff,HUMID SOUTHEASTERN
48UA0D4OWB_chipid654.tiff,HUMID SOUTHEASTERN
TNF1R4B1FZ_chipid655.tiff,HUMID SOUTHEASTERN
UQO2A79AF4_chipid656.tiff,HUMID SOUTHEASTERN
30C0WJMZEU_chipid657.tiff,HUMID SOUTHEASTERN
GY0LEYL8BL_chipid658.tiff,HUMID SOUTHEASTERN
1DRLWCZKAW_chipid659.tiff,HUMID SOUTHEASTERN
J2C664GLOJ_chipid660.tiff,HUMID SOUTHEASTERN
49VO0SWBI5_chipid661.tiff,HUMID SOUTHEASTERN
1A76O6P8OF_chipid662.tiff,HUMID SOUTHEASTERN
GVWH2HXCWA_chipid663.tiff,HUMID SOUTHEASTERN
OHELBL34QS_chipid664.tiff,HUMID SOUTHEASTERN
I9EDX2DENM_chipid665.tiff,HUMID SOUTHEASTERN
UVDV1O4WDL_chipid666.tiff,HUMID SOUTHEASTERN
SD67D4NW6W_chipid667.tiff,HUMID SOUTHEASTERN
87BM2V07KY_chipid668.tiff,HUMID SOUTHEASTERN
PYD8OHI1NM_chipid669.tiff,HUMID SOUTHEASTERN
6CGFDA1BF7_chipid670.tiff,HUMID SOUTHEASTERN
XJRLDQYEVA_chipid671.tiff,HUMID SOUTHEASTERN
MIACLUE7FE_chipid672.tiff,HUMID SOUTHEASTERN
81Y6VQ5SZQ_chipid673.tiff,HUMID SOUTHEASTERN
ZMRU2ATFHP_chipid674.tiff,HUMID SOUTHEASTERN
R21SICT358_chipid675.tiff,HUMID SOUTHEASTERN
8GZSVKA2OQ_chipid676.tiff,HUMID SOUTHEASTERN
U3KASTV3IZ_chipid677.tiff,HUMID SOUTHEASTERN
ST2SOLMQHE_chipid678.tiff,HUMID SOUTHEASTERN
S6PK293TYU_chipid679.tiff,HUMID SOUTHEASTERN
815KVN0M5X_chipid680.tiff,HUMID SOUTHEASTERN
5QXQY65WF5_chipid681.tiff,HUMID SOUTHEASTERN
HB0T5HHPDZ_chipid682.tiff,HUMID SOUTHEASTERN
MP3GSP9PNC_chipid683.tiff,HUMID SOUTHEASTERN
VLY64AMYUM_chipid684.tiff,HUMID SOUTHEASTERN
AL4NP0EM6V_chipid685.tiff,HUMID SOUTHEASTERN
HBZY4LT35Y_chipid686.tiff,HUMID SOUTHEASTERN
RF9OBZZ3H8_chipid687.tiff,HUMID SOUTHEASTERN
4YM4A3R47Z_chipid688.tiff,HUMID SOUTHEASTERN
BNTPWR3P8S_chipid689.tiff,HUMID SOUTHEASTERN
CR97VRAXTQ_chipid690.tiff,HUMID SOUTHEASTERN
XXLEA96ZBY_chipid691.tiff,HUMID SOUTHEASTERN
OTIHDSEKVC_chipid692.tiff,HUMID SOUTHEASTERN
6NKU411WVB_chipid693.tiff,HUMID SOUTHEASTERN
106BBVCJQL_chipid694.tiff,HUMID SOUTHEASTERN
XP80FKY9JW_chipid695.tiff,HUMID SOUTHEASTERN
IBAQ4H0LNR_chipid696.tiff,HUMID SOUTHEASTERN
P9Y37LCQLY_chipid697.tiff,HUMID SOUTHEASTERN
Z7XXX4R894_chipid698.tiff,HUMID SOUTHEASTERN
BX6WFJIZRT_chipid699.tiff,HUMID SOUTHEASTERN
UIEC5VE0CA_chipid700.tiff,HUMID SOUTHEASTERN
L6D4BG0C9D_chipid701.tiff,HUMID SOUTHEASTERN
W4XNV91U46_chipid702.tiff,HUMID SOUTHEASTERN
WOZDKB2DDB_chipid703.tiff,HUMID SOUTHEASTERN
4EUXCZVV1F_chipid704.tiff,HUMID SOUTHEASTERN
H9MI3BK9OA_chipid705.tiff,HUMID SOUTHEASTERN
POAMXCI8ZJ_chipid706.tiff,HUMID SOUTHEASTERN
RC7QKKBNDW_chipid707.tiff,HUMID SOUTHEASTERN
VLV5C39ZV6_chipid708.tiff,HUMID SOUTHEASTERN
ZPEBZ1PSH3_chipid709.tiff,HUMID SOUTHEASTERN
UBJVV9RHOO_chipid710.tiff,HUMID SOUTHEASTERN
4Q0RE9PK2Q_chipid711.tiff,HUMID SOUTHEASTERN
ULJHCQSDCE_chipid712.tiff,HUMID SOUTHEASTERN
RQQ3J6LD2G_chipid713.tiff,HUMID SOUTHEASTERN
6DRUKX70NJ_chipid714.tiff,HUMID SOUTHEASTERN
LL242DQJ4L_chipid715.tiff,HUMID SOUTHEASTERN
HZ6CN17HNF_chipid716.tiff,HUMID SOUTHEASTERN
0POG5ZFCXW_chipid717.tiff,HUMID SOUTHEASTERN
4BZHKFI2FC_chipid718.tiff,HUMID SOUTHEASTERN
T9G7RWKYS4_chipid719.tiff,HUMID SOUTHEASTERN
8O804MU0UD_chipid720.tiff,HUMID SOUTHEASTERN
YZAG9UW149_chipid721.tiff,HUMID SOUTHEASTERN
PC26EFCGG8_chipid722.tiff,HUMID SOUTHEASTERN
O7BAC8PGLI_chipid723.tiff,HUMID SOUTHEASTERN
AOWMVC107S_chipid724.tiff,HUMID SOUTHEASTERN
WSLEKQ22I5_chipid725.tiff,HUMID SOUTHEASTERN
G3QKW0HNYG_chipid726.tiff,HUMID SOUTHEASTERN
WF6FHQE1CF_chipid727.tiff,HUMID SOUTHEASTERN
H63L92W3BR_chipid728.tiff,HUMID SOUTHEASTERN
W43KKJNIZR_chipid729.tiff,HUMID SOUTHEASTERN
8P83F85ZHX_chipid730.tiff,HUMID SOUTHEASTERN
0BPJALQXFP_chipid731.tiff,HUMID SOUTHEASTERN
6XGE05RILZ_chipid732.tiff,HUMID SOUTHEASTERN
B4TGE1IX0I_chipid733.tiff,HUMID SOUTHEASTERN
FG91RJ4X9P_chipid734.tiff,HUMID SOUTHEASTERN
F60CEHY702_chipid735.tiff,HUMID SOUTHEASTERN
NP4IE5ND0J_chipid736.tiff,HUMID SOUTHEASTERN
VHG3WB43AK_chipid737.tiff,HUMID SOUTHEASTERN
LL30JNVNQ1_chipid738.tiff,HUMID SOUTHEASTERN
N84UPSF38F_chipid739.tiff,HUMID SOUTHEASTERN
1BJGFXX0RG_chipid740.tiff,HUMID SOUTHEASTERN
3UPQ1URI1O_chipid741.tiff,HUMID SOUTHEASTERN
FRYCBPGKLO_chipid742.tiff,HUMID SOUTHEASTERN
PPPCJ340DK_chipid743.tiff,HUMID SOUTHEASTERN
IQK41S88LC_chipid744.tiff,HUMID SOUTHEASTERN
TBWLT9S3ZZ_chipid745.tiff,HUMID SOUTHEASTERN
I7L6SDK99U_chipid746.tiff,HUMID SOUTHEASTERN
S1XHJ87RTB_chipid747.tiff,HUMID SOUTHEASTERN
6PC0W44S95_chipid748.tiff,HUMID SOUTHEASTERN
IHIR9X5ZF8_chipid749.tiff,HUMID SOUTHEASTERN
SLG0LCJNPI_chipid750.tiff,HUMID SOUTHEASTERN
WWU7RDC996_chipid751.tiff,HUMID SOUTHEASTERN
TRMJNSEWU3_chipid752.tiff,HUMID SOUTHEASTERN
R64H2C7SNU_chipid753.tiff,HUMID SOUTHEASTERN
KQ3CAA3RHT_chipid754.tiff,HUMID SOUTHEASTERN
WQDC7EZ22G_chipid755.tiff,HUMID SOUTHEASTERN
7FOV6PG7F8_chipid756.tiff,HUMID SOUTHEASTERN
CRKFL2H825_chipid757.tiff,HUMID SOUTHEASTERN
W102BYDEAW_chipid758.tiff,HUMID SOUTHEASTERN
ZQCZUL6EHN_chipid759.tiff,HUMID SOUTHEASTERN
6K5CJ3XWDK_chipid760.tiff,FLOOD PRONE EASTERN
ZBDA8MN666_chipid761.tiff,FLOOD PRONE EASTERN
9X19BD24R8_chipid762.tiff,FLOOD PRONE EASTERN
48V96JURLB_chipid763.tiff,FLOOD PRONE EASTERN
3AHJAD97ZI_chipid764.tiff,FLOOD PRONE EASTERN
F7LJ37VU96_chipid765.tiff,FLOOD PRONE EASTERN
W4PU4XJFG9_chipid766.tiff,FLOOD PRONE EASTERN
XDIT6ST9XO_chipid767.tiff,FLOOD PRONE EASTERN
GBOM2V4A06_chipid768.tiff,FLOOD PRONE EASTERN
TEIPZ5GZM2_chipid769.tiff,FLOOD PRONE EASTERN
44TAED29WV_chipid770.tiff,FLOOD PRONE EASTERN
1GXTEDBGT3_chipid771.tiff,FLOOD PRONE EASTERN
L91MNANDK2_chipid772.tiff,FLOOD PRONE EASTERN
IYT9SRD5NL_chipid773.tiff,FLOOD PRONE EASTERN
2MPD8GTG84_chipid774.tiff,FLOOD PRONE EASTERN
MUZPE7J0CD_chipid775.tiff,FLOOD PRONE EASTERN
V6HXTIULOQ_chipid776.tiff,FLOOD PRONE EASTERN
1JL8G9OPL5_chipid777.tiff,FLOOD PRONE EASTERN
16TK3XO5UR_chipid778.tiff,FLOOD PRONE EASTERN
7ECD1C82VZ_chipid779.tiff,FLOOD PRONE EASTERN
MAXJZDTHCR_chipid780.tiff,FLOOD PRONE EASTERN
928QXNKUM8_chipid781.tiff,FLOOD PRONE EASTERN
H4GFQL5W0J_chipid782.tiff,FLOOD PRONE EASTERN
7GD06VTK8N_chipid783.tiff,FLOOD PRONE EASTERN
S3Q70FNLVF_chipid784.tiff,FLOOD PRONE EASTERN
UW87NWVPK5_chipid785.tiff,FLOOD PRONE EASTERN
7LZPMEJVXT_chipid786.tiff,FLOOD PRONE EASTERN
KNJMMNSNUB_chipid787.tiff,FLOOD PRONE EASTERN
V98DW7V04J_chipid788.tiff,FLOOD PRONE EASTERN
2VZQ34UNI7_chipid789.tiff,FLOOD PRONE EASTERN
BTFXFEGYQL_chipid790.tiff,FLOOD PRONE EASTERN
CGBKA2ZWAO_chipid791.tiff,FLOOD PRONE EASTERN
LWN1LWA9U3_chipid792.tiff,FLOOD PRONE EASTERN
C78TBGLJXN_chipid793.tiff,FLOOD PRONE EASTERN
VFXKSBSTM5_chipid794.tiff,FLOOD PRONE EASTERN
ZQ367S0LX1_chipid795.tiff,FLOOD PRONE EASTERN
EFU4X8FIKY_chipid796.tiff,FLOOD PRONE EASTERN
N9TXOPW5OP_chipid797.tiff,FLOOD PRONE EASTERN
R69YB2K7M5_chipid798.tiff,FLOOD PRONE EASTERN
WPRN9J3N6E_chipid799.tiff,FLOOD PRONE EASTERN
ABU3L7B3QW_chipid800.tiff,FLOOD PRONE EASTERN
F4A1P0XXJY_chipid801.tiff,FLOOD PRONE EASTERN
9QWAY2VNR0_chipid802.tiff,FLOOD PRONE EASTERN
L0JLC8MWJ2_chipid803.tiff,FLOOD PRONE EASTERN
OQ3AL41UE6_chipid804.tiff,FLOOD PRONE EASTERN
C3W6N212D4_chipid805.tiff,FLOOD PRONE EASTERN
297K63AJNY_chipid806.tiff,FLOOD PRONE EASTERN
I4NAUYKKZB_chipid807.tiff,FLOOD PRONE EASTERN
Y9ACM3HK5Q_chipid808.tiff,FLOOD PRONE EASTERN
TNJNZGL9VA_chipid809.tiff,FLOOD PRONE EASTERN
K7NYYSM3N9_chipid810.tiff,FLOOD PRONE EASTERN
RP7U836Y4U_chipid811.tiff,FLOOD PRONE EASTERN
2DA1F1BHT2_chipid812.tiff,FLOOD PRONE EASTERN
9NFIFX8XLM_chipid813.tiff,FLOOD PRONE EASTERN
NHX8XFP5X3_chipid814.tiff,FLOOD PRONE EASTERN
UZFS9KIGWS_chipid815.tiff,FLOOD PRONE EASTERN
BBL4AH86B1_chipid816.tiff,FLOOD PRONE EASTERN
6WCRAF6SRZ_chipid817.tiff,FLOOD PRONE EASTERN
T0KN59Q5SI_chipid818.tiff,FLOOD PRONE EASTERN
VWIXOBJW8C_chipid819.tiff,FLOOD PRONE EASTERN
727J4VA6NC_chipid820.tiff,FLOOD PRONE EASTERN
EDIWUETTGS_chipid821.tiff,FLOOD PRONE EASTERN
F6TZLOGVYN_chipid822.tiff,FLOOD PRONE EASTERN
HUN8D1GH0U_chipid823.tiff,FLOOD PRONE EASTERN
I7DFGU0R2M_chipid824.tiff,FLOOD PRONE EASTERN
07UOHTA239_chipid825.tiff,FLOOD PRONE EASTERN
HZPIPVMG1R_chipid826.tiff,FLOOD PRONE EASTERN
27U5AIROV4_chipid827.tiff,FLOOD PRONE EASTERN
H1I89UBYDJ_chipid828.tiff,FLOOD PRONE EASTERN
267NWB2YLQ_chipid829.tiff,FLOOD PRONE EASTERN
PKYRUM44KF_chipid830.tiff,FLOOD PRONE EASTERN
JR4YHTK9ZS_chipid831.tiff,FLOOD PRONE EASTERN
0J6OK51ZP0_chipid832.tiff,FLOOD PRONE EASTERN
LUSAJEZH2M_chipid833.tiff,FLOOD PRONE EASTERN
8E674YY9DY_chipid834.tiff,FLOOD PRONE EASTERN
OI30H1M3LS_chipid835.tiff,FLOOD PRONE EASTERN
QNIQKXZXTO_chipid836.tiff,FLOOD PRONE EASTERN
9CMCQPDNA5_chipid837.tiff,FLOOD PRONE EASTERN
TSK34PX3U1_chipid838.tiff,FLOOD PRONE EASTERN
8PDJI11F67_chipid839.tiff,FLOOD PRONE EASTERN
0V93WHEOTE_chipid840.tiff,FLOOD PRONE EASTERN
QGVLQLIXGB_chipid841.tiff,FLOOD PRONE EASTERN
WQCWWQNDMK_chipid842.tiff,FLOOD PRONE EASTERN
TMQFZQ8Z1N_chipid843.tiff,FLOOD PRONE EASTERN
R86CJQMW8Q_chipid844.tiff,FLOOD PRONE EASTERN
029UVFD60L_chipid845.tiff,FLOOD PRONE EASTERN
SCKIIG70DT_chipid846.tiff,FLOOD PRONE EASTERN
KD9EL0B6NZ_chipid847.tiff,FLOOD PRONE EASTERN
I93ATIQ8PR_chipid848.tiff,FLOOD PRONE EASTERN
AXPZZQ9VBX_chipid849.tiff,FLOOD PRONE EASTERN
SCE58LB27U_chipid850.tiff,FLOOD PRONE EASTERN
6BRBBPE9BW_chipid851.tiff,FLOOD PRONE EASTERN
USORK4GI0Y_chipid852.tiff,FLOOD PRONE EASTERN
U8YGM08UJK_chipid853.tiff,FLOOD PRONE EASTERN
B6QPWA87BV_chipid854.tiff,FLOOD PRONE EASTERN
0EDXZ5ANJA_chipid855.tiff,FLOOD PRONE EASTERN
N55L2JPTRE_chipid856.tiff,FLOOD PRONE EASTERN
OBO3YCSF9A_chipid857.tiff,FLOOD PRONE EASTERN
TOOJPP9RJK_chipid858.tiff,FLOOD PRONE EASTERN
VO68VZM04H_chipid859.tiff,FLOOD PRONE EASTERN
9F7Y9P8D15_chipid860.tiff,FLOOD PRONE EASTERN
G6L9P4Q3I4_chipid861.tiff,FLOOD PRONE EASTERN
AA9JZCXVRO_chipid862.tiff,FLOOD PRONE EASTERN
0AMP6Z4XDQ_chipid863.tiff,FLOOD PRONE EASTERN
G3D9D914ZF_chipid864.tiff,FLOOD PRONE EASTERN
EJMKURUSNQ_chipid865.tiff,FLOOD PRONE EASTERN
C7CQ97AJOA_chipid866.tiff,FLOOD PRONE EASTERN
AJ892Y8ZJD_chipid867.tiff,FLOOD PRONE EASTERN
6QUR9ICVBH_chipid868.tiff,FLOOD PRONE EASTERN
OQGD2M4L7O_chipid869.tiff,FLOOD PRONE EASTERN
C9WSGN7A00_chipid870.tiff,FLOOD PRONE EASTERN
Q5CINEE9U0_chipid871.tiff,FLOOD PRONE EASTERN
2JSHLJXPHG_chipid872.tiff,FLOOD PRONE EASTERN
GWOAZ91M1U_chipid873.tiff,FLOOD PRONE EASTERN
Z9I36ZKU95_chipid874.tiff,FLOOD PRONE EASTERN
WJZ5OZMTLY_chipid875.tiff,FLOOD PRONE EASTERN
O62T5VC8TT_chipid876.tiff,FLOOD PRONE EASTERN
FLUHIH8QU0_chipid877.tiff,FLOOD PRONE EASTERN
5EM37Y6ZVY_chipid878.tiff,FLOOD PRONE EASTERN
LZ74K8ZDTP_chipid879.tiff,FLOOD PRONE EASTERN
HBCX1YJTY1_chipid880.tiff,FLOOD PRONE EASTERN
HHH9WLZF2E_chipid881.tiff,FLOOD PRONE EASTERN
9NYVOEP5ZS_chipid882.tiff,FLOOD PRONE EASTERN
T8E5VX1FZE_chipid883.tiff,FLOOD PRONE EASTERN
4FTHWKLK1I_chipid884.tiff,FLOOD PRONE EASTERN
L2T6VIFQAR_chipid885.tiff,FLOOD PRONE EASTERN
7U1COIY3VX_chipid886.tiff,FLOOD PRONE EASTERN
EU01HP5B2M_chipid887.tiff,FLOOD PRONE EASTERN
1W51ZKZWOX_chipid888.tiff,FLOOD PRONE EASTERN
QZ5P6A7HH2_chipid889.tiff,FLOOD PRONE EASTERN
1MPRVTP107_chipid890.tiff,FLOOD PRONE EASTERN
IIQT7BFNMH_chipid891.tiff,FLOOD PRONE EASTERN
FEDWGICDTQ_chipid892.tiff,FLOOD PRONE EASTERN
XM1FEY2K4Q_chipid893.tiff,FLOOD PRONE EASTERN
WB2LUDKXO3_chipid894.tiff,FLOOD PRONE EASTERN
0O4MKWWRRJ_chipid895.tiff,FLOOD PRONE EASTERN
86BZJ0PE2I_chipid896.tiff,FLOOD PRONE EASTERN
DI0DILH8VR_chipid897.tiff,FLOOD PRONE EASTERN
8LUJD4M9A7_chipid898.tiff,FLOOD PRONE EASTERN
NAYOTP1B15_chipid899.tiff,FLOOD PRONE EASTERN
5XLGJ4OFZE_chipid900.tiff,FLOOD PRONE EASTERN
X14YGFZ5VI_chipid901.tiff,FLOOD PRONE EASTERN
NP8AALNTU1_chipid902.tiff,FLOOD PRONE EASTERN
4FK3SXDG56_chipid903.tiff,FLOOD PRONE EASTERN
R8X5WZDFQY_chipid904.tiff,HUMID SOUTHEASTERN
JWE6L7M99J_chipid905.tiff,HUMID SOUTHEASTERN
AU32LA8SMH_chipid906.tiff,HUMID SOUTHEASTERN
M6VFBB9BMX_chipid907.tiff,HUMID SOUTHEASTERN
UJ50YXJ22S_chipid908.tiff,HUMID SOUTHEASTERN
DZ3622N4O2_chipid909.tiff,HUMID SOUTHEASTERN
BZA0ZOQWEM_chipid910.tiff,HUMID SOUTHEASTERN
BSP2G292UD_chipid911.tiff,HUMID SOUTHEASTERN
AGUF12I17B_chipid912.tiff,HUMID SOUTHEASTERN
IZ955YPGQK_chipid913.tiff,HUMID SOUTHEASTERN
KKDMFFPF14_chipid914.tiff,HUMID SOUTHEASTERN
KUQ2S0R99S_chipid915.tiff,HUMID SOUTHEASTERN
6K0U79ZT6B_chipid916.tiff,HUMID SOUTHEASTERN
N4Z4OVKLDR_chipid917.tiff,HUMID SOUTHEASTERN
7WKRTPU55L_chipid918.tiff,HUMID SOUTHEASTERN
N9HMHAH8MR_chipid919.tiff,HUMID SOUTHEASTERN
PAXDUQZFAS_chipid920.tiff,HUMID SOUTHEASTERN
HVGAF1GYQN_chipid921.tiff,HUMID SOUTHEASTERN
CRRCNF5J23_chipid922.tiff,HUMID SOUTHEASTERN
V2LGPGWSGZ_chipid923.tiff,HUMID SOUTHEASTERN
A7QT4RSN7M_chipid924.tiff,HUMID SOUTHEASTERN
567BAPNCB8_chipid925.tiff,HUMID SOUTHEASTERN
N7WOCVK1TO_chipid926.tiff,HUMID SOUTHEASTERN
DX7IQKC3EJ_chipid927.tiff,HUMID SOUTHEASTERN
SAQ575E46J_chipid928.tiff,HUMID SOUTHEASTERN
I0TBJ1820F_chipid929.tiff,HUMID SOUTHEASTERN
V2M8S6RDAO_chipid930.tiff,HUMID SOUTHEASTERN
2FBPEO2JX1_chipid931.tiff,HUMID SOUTHEASTERN
3URIRGGFRQ_chipid932.tiff,HUMID SOUTHEASTERN
G0HWPGU79T_chipid933.tiff,HUMID SOUTHEASTERN
QEDS023BIA_chipid934.tiff,HUMID SOUTHEASTERN
YQ3QIYNLKX_chipid935.tiff,HUMID SOUTHEASTERN
6PST0AVWF9_chipid936.tiff,HUMID SOUTHEASTERN
SDGONU1F9E_chipid937.tiff,HUMID SOUTHEASTERN
URHU9F5ZGM_chipid938.tiff,HUMID SOUTHEASTERN
2SQ56F4YST_chipid939.tiff,HUMID SOUTHEASTERN
7R1FDNPYZ5_chipid940.tiff,HUMID SOUTHEASTERN
G27115HUAX_chipid941.tiff,HUMID SOUTHEASTERN
6FW79ZFLHE_chipid942.tiff,HUMID SOUTHEASTERN
T2Q962Z5Y1_chipid943.tiff,HUMID SOUTHEASTERN
MMM6CUIFU2_chipid944.tiff,HYPERARID WESTERN
TIIVH4KB50_chipid945.tiff,HYPERARID WESTERN
C1TYMJSL0J_chipid946.tiff,HYPERARID WESTERN
6WF47NQGM1_chipid947.tiff,HYPERARID WESTERN
BLEJKRGH91_chipid948.tiff,HYPERARID WESTERN
9WFB23RM6E_chipid949.tiff,HYPERARID WESTERN
1I7HPXMVL7_chipid950.tiff,HYPERARID WESTERN
9JIVRDRVG0_chipid951.tiff,HYPERARID WESTERN
N5NNKON92Y_chipid952.tiff,HYPERARID WESTERN
YRMARKXHFX_chipid953.tiff,HYPERARID WESTERN
TZAEU8K0L6_chipid954.tiff,HYPERARID WESTERN
6H8E2LM2XB_chipid955.tiff,HYPERARID WESTERN
GRXIW68DZB_chipid956.tiff,HYPERARID WESTERN
OIX1OKVOSL_chipid957.tiff,HYPERARID WESTERN
G8CG0DXZMY_chipid958.tiff,HYPERARID WESTERN
4K2WCT70SR_chipid959.tiff,HYPERARID WESTERN
HY1GFI692C_chipid960.tiff,HYPERARID WESTERN
YX8UFOV5KN_chipid961.tiff,HYPERARID WESTERN
NQN8NHDW0C_chipid962.tiff,HYPERARID WESTERN
DGZPHB17DA_chipid963.tiff,HYPERARID WESTERN
1CK4NP0DEA_chipid964.tiff,HYPERARID WESTERN
A1GYO821EO_chipid965.tiff,HYPERARID WESTERN
E0U2IY58MR_chipid966.tiff,HYPERARID WESTERN
ZJVJ6FHZTJ_chipid967.tiff,HYPERARID WESTERN
ZJVDV3VRMQ_chipid968.tiff,HYPERARID WESTERN
X8293NAMXW_chipid969.tiff,HYPERARID WESTERN
2FU8UZV335_chipid970.tiff,HYPERARID WESTERN
NQ1H5QU95K_chipid971.tiff,HYPERARID WESTERN
GAF6L3G57L_chipid972.tiff,HYPERARID WESTERN
RW87LJN06R_chipid973.tiff,HYPERARID WESTERN
L49YTRINWP_chipid974.tiff,HYPERARID WESTERN
R79DOI6YIA_chipid975.tiff,HYPERARID WESTERN
DEY0NHFAJD_chipid976.tiff,HYPERARID WESTERN
W9YXZBPKPT_chipid977.tiff,HYPERARID WESTERN
